"","bee","V2","cp","bee1"
"1","greenweez.com","Alimentation",0,"Courses"
"2","monoprix.fr","Alimentation",0,"Courses"
"3","nosmeilleurescourses.com","Alimentation",1,"Courses"
"4","naturalia.fr","Alimentation",0,"Courses"
"5","fleursdedragees.com","Alimentation",0,"Biscuits, confiserie et chocolats"
"6","votregateau.fr","Alimentation",1,"Biscuits, confiserie et chocolats"
"7","chocolat-deneuville.com","Alimentation",1,"Biscuits, confiserie et chocolats"
"8","lamaisonduchocolat.fr","Alimentation",1,"Biscuits, confiserie et chocolats"
"9","confiserie-foraine.com","Alimentation",0,"Biscuits, confiserie et chocolats"
"10","maxicoffee.com","Alimentation",0,"Thés et cafés"
"11","nespresso.com","Alimentation",1,"Thés et cafés"
"12","cafe-privilege.com","Alimentation",0,"Thés et cafés"
"13","palaisdesthes.com","Alimentation",0,"Thés et cafés"
"14","tassimo.fr","Alimentation",0,"Thés et cafés"
"15","boucherie-dynamique.com","Alimentation",0,"Epicerie fine et traiteur"
"16","comptoir-irlandais.com","Alimentation",0,"Epicerie fine et traiteur"
"17","comtessedubarry.com","Alimentation",0,"Epicerie fine et traiteur"
"18","oliviers-co.com","Alimentation",1,"Epicerie fine et traiteur"
"19","gustoditalia.com","Alimentation",1,"Epicerie fine et traiteur"
"20","vinatis.com","Alimentation",0,"Vins, bières et spiritueux"
"21","lavinia.fr","Alimentation",1,"Vins, bières et spiritueux"
"22","comptoirdesmillesimes.com","Alimentation",0,"Vins, bières et spiritueux"
"23","vinsetchampagnes.fr","Alimentation",0,"Vins, bières et spiritueux"
"24","saveur-biere.com","Alimentation",0,"Vins, bières et spiritueux"
"25","happyview.fr","Bien-être et beauté",0,"Optique"
"26","clarins.fr","Bien-être et beauté",1,"Fabricants de produits de beauté"
"27","thebodyshop.com","Bien-être et beauté",1,"Fabricants de produits de beauté"
"28","fr.loccitane.com","Bien-être et beauté",0,"Fabricants de produits de beauté"
"29","fr.nuxe.com","Bien-être et beauté",0,"Fabricants de produits de beauté"
"30","mugler.fr","Bien-être et beauté",1,"Fabricants de produits de beauté"
"31","corinedefarme.fr","Bien-être et beauté",0,"Fabricants de produits de beauté"
"32","ricaud.com","Bien-être et beauté",0,"Fabricants de produits de beauté"
"33","yslbeauty.fr","Bien-être et beauté",1,"Fabricants de produits de beauté"
"34","kikocosmetics.com","Bien-être et beauté",1,"Fabricants de produits de beauté"
"35","fr.lush.com","Bien-être et beauté",1,"Fabricants de produits de beauté"
"36","nyxcosmetics.fr","Bien-être et beauté",1,"Fabricants de produits de beauté"
"37","yves-rocher.fr","Bien-être et beauté",0,"Fabricants de produits de beauté"
"38","biotherm.fr","Bien-être et beauté",1,"Fabricants de produits de beauté"
"39","loreal-paris.fr","Bien-être et beauté",1,"Fabricants de produits de beauté"
"40","avril-beaute.fr","Bien-être et beauté",0,"Fabricants de produits de beauté"
"41","weightworld.fr","Bien-être et beauté",1,"Diétitique"
"42","laboratoire-lescuyer.com","Bien-être et beauté",1,"Diétitique"
"43","dieti-natura.com","Bien-être et beauté",0,"Diétitique"
"44","forceultranature.com","Bien-être et beauté",0,"Diétitique"
"45","jolivia.fr","Bien-être et beauté",1,"Diétitique"
"46","gouiran-beaute.com","Bien-être et beauté",0,"Généralistes produits de beauté"
"47","beautycoiffure.com","Bien-être et beauté",0,"Généralistes produits de beauté"
"48","mencorner.com","Bien-être et beauté",0,"Généralistes produits de beauté"
"49","fr.feelunique.com","Bien-être et beauté",0,"Généralistes produits de beauté"
"50","diouda.fr","Bien-être et beauté",1,"Généralistes produits de beauté"
"51","sephora.fr","Bien-être et beauté",0,"Généralistes produits de beauté"
"52","rasoir-service.fr","Bien-être et beauté",0,"Généralistes produits de beauté"
"53","comptoirdelhomme.com","Bien-être et beauté",0,"Généralistes produits de beauté"
"54","bleulibellule.com","Bien-être et beauté",0,"Généralistes produits de beauté"
"55","incenza.com","Bien-être et beauté",1,"Généralistes produits de beauté"
"56","kalista-parfums.com","Bien-être et beauté",1,"Généralistes produits de beauté"
"57","news-parfums.com","Bien-être et beauté",0,"Généralistes produits de beauté"
"58","foliecosmetic.com","Bien-être et beauté",0,"Généralistes produits de beauté"
"59","ohmycream.com","Bien-être et beauté",0,"Généralistes produits de beauté"
"60","nocibe.fr","Bien-être et beauté",0,"Généralistes produits de beauté"
"61","lentillesmoinscheres.com","Bien-être et beauté",0,"Optique"
"62","edel-optics.fr","Bien-être et beauté",0,"Optique"
"63","visio-net.fr","Bien-être et beauté",1,"Optique"
"64","misterspex.fr","Bien-être et beauté",1,"Optique"
"65","sofamed.com","Bien-être et beauté",0,"Paramédical"
"66","bastideleconfortmedical.com","Bien-être et beauté",0,"Paramédical"
"67","audilo.com","Bien-être et beauté",0,"Paramédical"
"68","pasolo.com","Bien-être et beauté",1,"Paramédical"
"69","laboutiquedudos.com","Bien-être et beauté",0,"Paramédical"
"70","shop-pharmacie.fr","Bien-être et beauté",0,"Parapharmacie et pharmacie"
"71","jevaismieuxmerci.com","Bien-être et beauté",0,"Parapharmacie et pharmacie"
"72","pharma-gdd.com","Bien-être et beauté",0,"Parapharmacie et pharmacie"
"73","easyparapharmacie.com","Bien-être et beauté",0,"Parapharmacie et pharmacie"
"74","paraselection.com","Bien-être et beauté",0,"Parapharmacie et pharmacie"
"75","newpharma.fr","Bien-être et beauté",0,"Parapharmacie et pharmacie"
"76","viata.fr","Bien-être et beauté",1,"Parapharmacie et pharmacie"
"77","santediscount.com","Bien-être et beauté",0,"Parapharmacie et pharmacie"
"78","cocooncenter.com","Bien-être et beauté",0,"Parapharmacie et pharmacie"
"79","lasante.net","Bien-être et beauté",0,"Parapharmacie et pharmacie"
"80","onatera.com","Bien-être et beauté",0,"Produits naturels et bien-être"
"81","fleurancenature.fr","Bien-être et beauté",0,"Produits naturels et bien-être"
"82","naturalforme.fr","Bien-être et beauté",0,"Produits naturels et bien-être"
"83","ecco-verde.fr","Bien-être et beauté",1,"Produits naturels et bien-être"
"84","louis-herboristerie.com","Bien-être et beauté",0,"Produits naturels et bien-être"
"85","conrad.fr","Electroménager et multimédia",1,"Accessoires et pièces détachées"
"86","gotronic.fr","Electroménager et multimédia",0,"Accessoires et pièces détachées"
"87","cartouchemania.com","Electroménager et multimédia",0,"Accessoires et pièces détachées"
"88","aboutbatteries.com","Electroménager et multimédia",0,"Accessoires et pièces détachées"
"89","gsm55.com","Electroménager et multimédia",1,"Accessoires et pièces détachées"
"90","darty.com","Electroménager et multimédia",0,"Généralistes et multimédia électroménager"
"91","boulanger.com","Electroménager et multimédia",0,"Généralistes et multimédia électroménager"
"92","electronic-star.fr","Electroménager et multimédia",0,"Généralistes et multimédia électroménager"
"93","electrodepot.fr","Electroménager et multimédia",0,"Généralistes et multimédia électroménager"
"94","ubaldi.com","Electroménager et multimédia",0,"Généralistes et multimédia électroménager"
"95","homecinesolutions.fr","Electroménager et multimédia",1,"Spécialistes images et son"
"96","iacono.fr","Electroménager et multimédia",0,"Spécialistes images et son"
"97","visunext.fr","Electroménager et multimédia",1,"Spécialistes images et son"
"98","futureland.fr","Electroménager et multimédia",0,"Spécialistes images et son"
"99","son-video.com","Electroménager et multimédia",0,"Spécialistes images et son"
"100","crucial.fr","Electroménager et multimédia",1,"Spécialistes informatique"
"101","monpcsurmesure.fr","Electroménager et multimédia",0,"Spécialistes informatique"
"102","cybertek.fr","Electroménager et multimédia",0,"Spécialistes informatique"
"103","smidistri.com","Electroménager et multimédia",0,"Spécialistes informatique"
"104","store.hp.com","Electroménager et multimédia",1,"Spécialistes informatique"
"105","ldlc.com","Electroménager et multimédia",0,"Spécialistes multimédias"
"106","pearl.fr","Electroménager et multimédia",1,"Spécialistes multimédias"
"107","materiel.net","Electroménager et multimédia",0,"Spécialistes multimédias"
"108","rebuy.fr","Electroménager et multimédia",0,"Spécialistes multimédias"
"109","macway.com","Electroménager et multimédia",0,"Spécialistes multimédias"
"110","missnumérique.com","Electroménager et multimédia",0,"Téléphonie, photo, vidéo"
"111","phonedroid.fr","Electroménager et multimédia",1,"Téléphonie, photo, vidéo"
"112","shop.samsung.com","Electroménager et multimédia",1,"Téléphonie, photo, vidéo"
"113","digixo.com","Electroménager et multimédia",0,"Téléphonie, photo, vidéo"
"114","digit-photo.com","Electroménager et multimédia",0,"Téléphonie, photo, vidéo"
"115","digit-photo.com","Electroménager et multimédia",0,"Téléphonie, photo, vidéo"
"116","digit-photo.com","Electroménager et multimédia",0,"Téléphonie, photo, vidéo"
"117","digit-photo.com","Electroménager et multimédia",0,"Téléphonie, photo, vidéo"
"118","deguisetoi.fr","Loisirs",0,"Articles de fête"
"119","decorationsdemariage.fr","Loisirs",0,"Articles de fête"
"120","vegaooparty.com","Loisirs",0,"Articles de fête"
"121","ledeguisement.com","Loisirs",0,"Articles de fête"
"122","mylittleday.fr","Loisirs",0,"Articles de fête"
"123","taklope.com","Loisirs",0,"Articles pour fumeurs"
"124","smoking.fr","Loisirs",0,"Articles pour fumeurs"
"125","mistersmoke.com","Loisirs",0,"Articles pour fumeurs"
"126","planete-sfactory.com","Loisirs",0,"Articles pour fumeurs"
"127","ecigplanete.com","Loisirs",0,"Articles pour fumeurs"
"128","wonderbox.fr","Loisirs",1,"Box cadeaux et abonnement"
"129","dakotabox.fr","Loisirs",0,"Box cadeaux et abonnement"
"130","smartbox.com","Loisirs",0,"Box cadeaux et abonnement"
"131","birchbox.fr","Loisirs",0,"Box cadeaux et abonnement"
"132","nuoobox.com","Loisirs",1,"Box cadeaux et abonnement"
"133","espaceplaisir.fr","Loisirs",0,"Divertissement pour adultes"
"134","espacelibido.com","Loisirs",0,"Divertissement pour adultes"
"135","avenue-privee.com","Loisirs",0,"Divertissement pour adultes"
"136","dorcelstore.com","Loisirs",0,"Divertissement pour adultes"
"137","passageudesir.fr","Loisirs",0,"Divertissement pour adultes"
"138","amikado.com","Loisirs",1,"Impression photo et papier"
"139","planet-cards.com","Loisirs",0,"Impression photo et papier"
"140","naissance.fr","Loisirs",0,"Impression photo et papier"
"141","pixum.fr","Loisirs",0,"Impression photo et papier"
"142","cewe-photo.fr","Loisirs",0,"Impression photo et papier"
"143","musicstore.de","Loisirs",0,"Instruments ert articles de musique"
"144","thomann.de","Loisirs",0,"Instruments ert articles de musique"
"145","bax-shop.fr","Loisirs",1,"Instruments ert articles de musique"
"146","woodbrass.com","Loisirs",1,"Instruments ert articles de musique"
"147","energyson.fr","Loisirs",1,"Instruments ert articles de musique"
"148","oxybul.com","Loisirs",0,"Jeux et jouets généralistes"
"149","philibertnet.com","Loisirs",0,"Jeux et jouets généralistes"
"150","jeujouet.com","Loisirs",1,"Jeux et jouets généralistes"
"151","shopdisney.fr","Loisirs",1,"Jeux et jouets généralistes"
"152","lagranderecre.fr","Loisirs",0,"Jeux et jouets généralistes"
"153","artoyz.com","Loisirs",1,"Jeux spécialisés"
"154","shop.lego.com","Loisirs",1,"Jeux spécialisés"
"155","rue-des-puzzles.com","Loisirs",0,"Jeux spécialisés"
"156","figurines-mania.com","Loisirs",0,"Jeux spécialisés"
"157","gamecash.fr","Loisirs",0,"Jeux spécialisés"
"158","fnac.com","Loisirs",0,"Livres et produits culturels"
"159","cultura.com","Loisirs",0,"Livres et produits culturels"
"160","decitre.fr","Loisirs",0,"Livres et produits culturels"
"161","anime-store.fr","Loisirs",0,"Livres et produits culturels"
"162","gibert.com","Loisirs",0,"Livres et produits culturels"
"163","lafourmicreative.fr","Loisirs",0,"Loisirs créatifs"
"164","vbs-hobby.fr","Loisirs",1,"Loisirs créatifs"
"165","perlesandco.com","Loisirs",0,"Loisirs créatifs"
"166","loisir-creatif-fr.buttinette.com","Loisirs",1,"Loisirs créatifs"
"167","canevas.com","Loisirs",1,"Loisirs créatifs"
"168","geant-beaux-arts.fr","Loisirs",0,"Loisirs créatifs"
"169","scrapmalin.com","Loisirs",1,"Loisirs créatifs"
"170","phildar.fr","Loisirs",0,"Loisirs créatifs"
"171","mapetitemercerie.com","Loisirs",0,"Loisirs créatifs"
"172","bergeredefrance.fr","Loisirs",0,"Loisirs créatifs"
"173","1001maquettes.fr","Loisirs",0,"Modélisme et maquettes"
"174","rcteam.fr","Loisirs",0,"Modélisme et maquettes"
"175","miniplanes.fr","Loisirs",0,"Modélisme et maquettes"
"176","rue-des-maquettes.com","Loisirs",0,"Modélisme et maquettes"
"177","breizh-modelisme.com","Loisirs",0,"Modélisme et maquettes"
"178","lavantgardiste.com","Loisirs",1,"Produits astucieux et cadeaux"
"179","maison-et-confort.fr","Loisirs",0,"Produits astucieux et cadeaux"
"180","proidee.fr","Loisirs",0,"Produits astucieux et cadeaux"
"181","cadeau-maestro.com","Loisirs",0,"Produits astucieux et cadeaux"
"182","meillandrichardier.com","Maison et équipement auto",0,"Luminaires"
"183","ikea.fr","Maison et équipement auto",1,"Ameublement et décoration"
"184","zooplus.fr","Maison et équipement auto",1,"Animaleries"
"185","cheval-energy.com","Maison et équipement auto",0,"Animaleries"
"186","lafermedesanimaux.com","Maison et équipement auto",0,"Animaleries"
"187","bitiba.fr","Maison et équipement auto",1,"Animaleries"
"188","croquetteland.com","Maison et équipement auto",0,"Animaleries"
"189","cuisineaddict.com","Maison et équipement auto",0,"Arts de la table"
"190","coutellerie-tourangelle.com","Maison et équipement auto",0,"Arts de la table"
"191","maspatule.com","Maison et équipement auto",0,"Arts de la table"
"192","accessoires-de-cuisines.com","Maison et équipement auto",0,"Arts de la table"
"193","mathon.fr","Maison et équipement auto",0,"Arts de la table"
"194","madeindesign.com","Maison et équipement auto",0,"Ameublement et décoration premium"
"195","ambientedirect.com","Maison et équipement auto",1,"Ameublement et décoration premium"
"196","voltex.fr","Maison et équipement auto",0,"Ameublement et décoration premium"
"197","amara.com","Maison et équipement auto",1,"Ameublement et décoration premium"
"198","interiors.fr","Maison et équipement auto",1,"Ameublement et décoration premium"
"199","wall-art.fr","Maison et équipement auto",1,"Décoration murale"
"200","etoffe.com","Maison et équipement auto",0,"Décoration murale"
"201","bimago.fr","Maison et équipement auto",1,"Décoration murale"
"202","4murs.com","Maison et équipement auto",0,"Décoration murale"
"203","artwall-and-co.com","Maison et équipement auto",1,"Décoration murale"
"204","agitateur-floral.com","Maison et équipement auto",1,"Fleuristes"
"205","bebloom.com","Maison et équipement auto",1,"Fleuristes"
"206","aquarelle.com","Maison et équipement auto",1,"Fleuristes"
"207","francefleurs.com","Maison et équipement auto",0,"Fleuristes"
"208","florajet.com","Maison et équipement auto",0,"Fleuristes"
"209","monmagasingeneral.com","Maison et équipement auto",0,"Généralistes bricolage et outillage"
"210","shopix.fr","Maison et équipement auto",1,"Généralistes bricolage et outillage"
"211","bricozor.com","Maison et équipement auto",0,"Généralistes bricolage et outillage"
"212","castorama.fr","Maison et équipement auto",1,"Généralistes bricolage et outillage"
"213","monamenagementmaison.fr","Maison et équipement auto",0,"Généralistes bricolage et outillage"
"214","kadolis.com","Maison et équipement auto",0,"Jardineries"
"215","raviday-matelas.com","Maison et équipement auto",0,"Jardineries"
"216","maliterie.com","Maison et équipement auto",0,"Jardineries"
"217","allomatelas.com","Maison et équipement auto",0,"Jardineries"
"218","willemsefrance.fr","Maison et équipement auto",0,"Luminaires"
"219","fr.jardins-animes.com","Maison et équipement auto",0,"Luminaires"
"220","apiculture.net","Maison et équipement auto",0,"Luminaires"
"221","botanic.com","Maison et équipement auto",0,"Luminaires"
"222","kosilum.com","Maison et équipement auto",0,"Linge de maison"
"223","luminaire.fr","Maison et équipement auto",1,"Linge de maison"
"224","lightonline.fr","Maison et équipement auto",0,"Linge de maison"
"225","leclubled.fr","Maison et équipement auto",0,"Linge de maison"
"226","blanc-cerise.com","Maison et équipement auto",0,"Salle de bains et cuisines"
"227","linvosges.com","Maison et équipement auto",0,"Salle de bains et cuisines"
"228","francoisesaget.com","Maison et équipement auto",0,"Salle de bains et cuisines"
"229","traditiondesvosges.com","Maison et équipement auto",0,"Salle de bains et cuisines"
"230","zarahome.com","Maison et équipement auto",1,"Salle de bains et cuisines"
"231","oskab.com","Maison et équipement auto",0,"Ameublement et décoration"
"232","lemondedubain.com","Maison et équipement auto",1,"Ameublement et décoration"
"233","cazabox.com","Maison et équipement auto",0,"Ameublement et décoration"
"234","masalledebain.com","Maison et équipement auto",0,"Ameublement et décoration"
"235","maisonsdumonde.com","Maison et équipement auto",0,"Ameublement et décoration"
"236","carpetvista.fr","Maison et équipement auto",1,"Ameublement et décoration"
"237","benuta.fr","Maison et équipement auto",0,"Ameublement et décoration"
"238","beliani.fr","Maison et équipement auto",0,"Ameublement et décoration"
"239","eminza.com","Maison et équipement auto",1,"Ameublement et décoration"
"240","camif.fr","Maison et équipement auto",1,"Ameublement et décoration"
"241","home24.fr","Maison et équipement auto",1,"Ameublement et décoration"
"242","tousmesmeubles.com","Maison et équipement auto",0,"Ameublement et décoration"
"243","maisonsetstyles.com","Maison et équipement auto",0,"Ameublement et décoration"
"244","vente-unique.com","Maison et équipement auto",0,"Ameublement et décoration"
"245","pierimport.fr","Maison et équipement auto",0,"Ameublement et décoration"
"246","but.fr","Maison et équipement auto",0,"Ameublement et décoration"
"247","decoclico.fr","Maison et équipement auto",1,"Ameublement et décoration"
"248","paris-prix.com","Maison et équipement auto",0,"Spécialistes de l'ameublement"
"249","dya-shopping.fr","Maison et équipement auto",0,"Spécialistes de l'ameublement"
"250","jysk.fr","Maison et équipement auto",1,"Spécialistes de l'ameublement"
"251","inside75.com","Maison et équipement auto",0,"Spécialistes de l'ameublement"
"252","concept-usine.com","Maison et équipement auto",1,"Animaleries"
"253","mobistoxx.fr","Maison et équipement auto",1,"Animaleries"
"254","matelpro.com","Maison et équipement auto",0,"Animaleries"
"255","menzzo.fr","Maison et équipement auto",1,"Animaleries"
"256","made-in-meubles.com","Maison et équipement auto",0,"Animaleries"
"257","jollia.fr","Mode et accessoires",0,"Bijouterie"
"258","brindilles.fr","Mode et accessoires",0,"Puériculture"
"259","helline.fr","Mode et accessoires",0,"Prêt à porter femme"
"260","edisac.com","Mode et accessoires",0,"Bagages et sacs"
"261","rayondor-bagages.fr","Mode et accessoires",0,"Bagages et sacs"
"262","kipling.com","Mode et accessoires",1,"Bagages et sacs"
"263","fr.longchamp.com","Mode et accessoires",1,"Bagages et sacs"
"264","eastpak.com","Mode et accessoires",1,"Bagages et sacs"
"265","histoiredor.com","Mode et accessoires",1,"Bijouterie"
"266","maty.com","Mode et accessoires",0,"Bijouterie"
"267","ocarat.com","Mode et accessoires",0,"Bijouterie"
"268","marc-orian.com","Mode et accessoires",1,"Bijouterie"
"269","bijourama.com","Mode et accessoires",0,"Bijouterie"
"270","cleor.com","Mode et accessoires",1,"Bijouterie"
"271","fr.pandora.net","Mode et accessoires",1,"Bijouterie"
"272","atelier-amaya.com","Mode et accessoires",1,"Bijouterie"
"273","fr.bijouxenvogue.com","Mode et accessoires",1,"Bijouterie"
"274","adamence.com","Mode et accessoires",0,"Bijouterie"
"275","juwelo.fr","Mode et accessoires",0,"Bijouterie"
"276","bijoulia.fr","Mode et accessoires",1,"Bijouterie"
"277","myjoliecandle.com","Mode et accessoires",1,"Bijouterie"
"278","premiercadeau.com","Mode et accessoires",0,"Bijouterie"
"279","g-star.com","Mode et accessoires",0,"Denim"
"280","levi.com","Mode et accessoires",0,"Denim"
"281","imajeans.fr","Mode et accessoires",1,"Denim"
"282","lee.com","Mode et accessoires",1,"Denim"
"283","zalando.fr","Mode et accessoires",0,"Généralistes multimarques"
"284","placedestendances.com","Mode et accessoires",0,"Généralistes multimarques"
"285","des-marques-et-vous.com","Mode et accessoires",0,"Généralistes multimarques"
"286","galerieslafayette.com","Mode et accessoires",1,"Généralistes multimarques"
"287","3suisses.fr","Mode et accessoires",0,"Généralistes multimarques"
"288","sarenza.com","Mode et accessoires",0,"Chaussures"
"289","spartoo.com","Mode et accessoires",0,"Chaussures"
"290","destock-sport-et-mode.com","Mode et accessoires",0,"Chaussures"
"291","lahalle.com","Mode et accessoires",0,"Chaussures"
"292","jefchaussures.com","Mode et accessoires",0,"Chaussures"
"293","shoes.fr","Mode et accessoires",1,"Chaussures"
"294","la-botte.com","Mode et accessoires",1,"Chaussures"
"295","andre.fr","Mode et accessoires",1,"Chaussures"
"296","rudys.paris","Mode et accessoires",0,"Chaussures"
"297","clarks.fr","Mode et accessoires",1,"Chaussures"
"298","chaussea.com","Mode et accessoires",0,"Chaussures"
"299","geox.com","Mode et accessoires",1,"Chaussures"
"300","deichmann.com","Mode et accessoires",0,"Chaussures"
"301","chaussmart.com","Mode et accessoires",0,"Chaussures"
"302","minelli.fr","Mode et accessoires",1,"Chaussures"
"303","drmartens.com","Mode et accessoires",1,"Chaussures"
"304","eram.fr","Mode et accessoires",0,"Chaussures"
"305","chausport.com","Mode et accessoires",1,"Chaussures"
"306","sacha.fr","Mode et accessoires",1,"Chaussures"
"307","carrepointu.com","Mode et accessoires",0,"Chaussures"
"308","etam.com","Mode et accessoires",1,"Lingerie"
"309","dessus-dessous.fr","Mode et accessoires",0,"Lingerie"
"310","fitancy.fr","Mode et accessoires",0,"Lingerie"
"311","fr.intimissimi.com","Mode et accessoires",1,"Lingerie"
"312","princessetamtam.com","Mode et accessoires",0,"Lingerie"
"313","montresandco.com","Mode et accessoires",0,"Montres"
"314","montredo.com","Mode et accessoires",1,"Montres"
"315","monting.fr","Mode et accessoires",0,"Montres"
"316","nixon.com","Mode et accessoires",1,"Montres"
"317","watchshop.fr","Mode et accessoires",1,"Montres"
"318","maman-naturelle.com","Mode et accessoires",0,"Puériculture"
"319","roseoubleu.fr","Mode et accessoires",1,"Puériculture"
"320","berceaumagique.com","Mode et accessoires",0,"Puériculture"
"321","bambinou.com","Mode et accessoires",0,"Puériculture"
"322","1-2-3.com","Mode et accessoires",1,"Prêt à porter femme premium"
"323","fr.claudiepierlot.com","Mode et accessoires",1,"Prêt à porter femme premium"
"324","kookai.fr","Mode et accessoires",1,"Prêt à porter femme premium"
"325","fr.maje.com","Mode et accessoires",1,"Prêt à porter femme premium"
"326","comptoirdescotonniers.com","Mode et accessoires",0,"Prêt à porter femme premium"
"327","cendriyon.com","Mode et accessoires",1,"Prêt à porter femme"
"328","lamodeuse.com","Mode et accessoires",1,"Prêt à porter femme"
"329","breal.net","Mode et accessoires",1,"Prêt à porter femme"
"330","pimkie.fr","Mode et accessoires",0,"Prêt à porter femme"
"331","promod.fr","Mode et accessoires",0,"Prêt à porter femme"
"332","madeleine.fr","Mode et accessoires",1,"Prêt à porter femme"
"333","cache-cache.fr","Mode et accessoires",0,"Prêt à porter femme"
"334","marobesoiree.fr","Mode et accessoires",0,"Prêt à porter femme"
"335","jennyfer.com","Mode et accessoires",0,"Prêt à porter femme"
"336","lafianceedumekong.fr","Mode et accessoires",0,"Prêt à porter femme"
"337","dorothyperkins.fr","Mode et accessoires",1,"Prêt à porter femme"
"338","scottage.fr","Mode et accessoires",1,"Prêt à porter femme"
"339","tally-weijl.com","Mode et accessoires",1,"Prêt à porter femme"
"340","jacquelineriu.fr","Mode et accessoires",0,"Prêt à porter femme"
"341","ctshirts.com","Mode et accessoires",1,"Prêt à porter homme"
"342","ruckfield.com","Mode et accessoires",0,"Prêt à porter homme"
"343","celio.com","Mode et accessoires",0,"Prêt à porter homme"
"344","size-factory.com","Mode et accessoires",0,"Prêt à porter homme"
"345","ruedeshommes.com","Mode et accessoires",1,"Prêt à porter homme"
"346","vertbaudet.fr","Mode et accessoires",0,"Prêt à porter enfant"
"347","okaidi.fr","Mode et accessoires",0,"Prêt à porter enfant"
"348","t-a-o.com","Mode et accessoires",0,"Prêt à porter enfant"
"349","melijoe.com","Mode et accessoires",1,"Prêt à porter enfant"
"350","cyrillus.fr","Mode et accessoires",0,"Prêt à porter mixte premium"
"351","fr.tommy.com","Mode et accessoires",1,"Prêt à porter mixte premium"
"352","lacoste.com","Mode et accessoires",1,"Prêt à porter mixte premium"
"353","calvinklein.fr","Mode et accessoires",1,"Prêt à porter mixte premium"
"354","hugoboss.com","Mode et accessoires",1,"Prêt à porter mixte premium"
"355","petit-bateau.fr","Mode et accessoires",0,"Prêt à porter mixte premium"
"356","timberland.fr","Mode et accessoires",1,"Prêt à porter mixte premium"
"357","ikks.com","Mode et accessoires",1,"Prêt à porter mixte premium"
"358","peterhahn.fr","Mode et accessoires",1,"Prêt à porter mixte premium"
"359","boden.fr","Mode et accessoires",1,"Prêt à porter mixte premium"
"360","fr.landsend.com","Mode et accessoires",1,"Prêt à porter mixte"
"361","c-and-a.com","Mode et accessoires",1,"Prêt à porter mixte"
"362","esprit.fr","Mode et accessoires",1,"Prêt à porter mixte"
"363","kiabi.com","Mode et accessoires",1,"Prêt à porter mixte"
"364","kiabi.com","Mode et accessoires",1,"Prêt à porter mixte"
"365","kiabi.com","Mode et accessoires",1,"Prêt à porter mixte"
"366","kiabi.com","Mode et accessoires",1,"Prêt à porter mixte"
"367","newlook.com","Mode et accessoires",1,"Prêt à porter mixte"
"368","mise-au-green.com","Mode et accessoires",0,"Prêt à porter mixte"
"369","gemo.fr","Mode et accessoires",0,"Prêt à porter mixte"
"370","danmart.fr","Mode et accessoires",0,"Prêt à porter mixte"
"371","bonprix.fr","Mode et accessoires",0,"Prêt à porter mixte"
"372","laurakent.fr","Mode et accessoires",1,"Prêt à porter mixte"
"373","bizzbee.com","Mode et accessoires",0,"Prêt à porter mixte"
"374","uniqlo.com","Mode et accessoires",1,"Prêt à porter mixte"
"375","hm.com","Mode et accessoires",1,"Prêt à porter mixte"
"376","forever21.com","Mode et accessoires",1,"Prêt à porter mixte"
"377","shop.mango.com","Mode et accessoires",1,"Prêt à porter mixte"
"378","districenter.fr","Mode et accessoires",0,"Prêt à porter mixte"
"379","daxon.fr","Mode et accessoires",0,"Prêt à porter mixte"
"380","bonoboplanet.com","Mode et accessoires",0,"Prêt à porter mixte"
"381","enviedefraise.fr","Mode et accessoires",0,"Spécialistes"
"382","ullapopken.fr","Mode et accessoires",1,"Spécialistes"
"383","spreadshirt.fr","Mode et accessoires",1,"Spécialistes"
"384","cravate-avenue.com","Mode et accessoires",1,"Spécialistes"
"385","rockagogo.com","Mode et accessoires",0,"Spécialistes"
"386","rueducommerce.fr","Mode et accessoires",0,"Généralistes"
"387","cdiscount.com","Mode et accessoires",0,"Généralistes"
"388","amazon.fr","Mode et accessoires",0,"Généralistes"
"389","auchan.fr","Mode et accessoires",0,"Généralistes"
"390","mistergooddeal.com","Mode et accessoires",0,"Généralistes"
"391","brandalley.fr","Mode et accessoires",0,"Ventes privées"
"392","vente-privee.com","Mode et accessoires",0,"Ventes privées"
"393","privatesportshop.fr","Mode et accessoires",0,"Ventes privées"
"394","showroomprive.com","Mode et accessoires",0,"Ventes privées"
"395","bricoprive.com","Mode et accessoires",0,"Ventes privées"
"396","nike.com","Sports",1,"Sportswear"
"397","decathlon.fr","Sports",0,"Articles de sport généralistes"
"398","lepape.com","Sports",1,"Articles de sport généralistes"
"399","keller-sports.fr","Sports",1,"Articles de sport généralistes"
"400","go-sport.com","Sports",1,"Articles de sport généralistes"
"401","21run.com","Sports",1,"Articles de sport spécialisés"
"402","i-run.fr","Sports",0,"Articles de sport spécialisés"
"403","onlinegolf.fr","Sports",1,"Articles de sport spécialisés"
"404","horse-discount.com","Sports",0,"Articles de sport spécialisés"
"405","airsoft-entrepot.fr","Sports",0,"Articles de sport spécialisés"
"406","tennispro.fr","Sports",0,"Articles de sport spécialisés"
"407","golfplus.fr","Sports",0,"Articles de sport spécialisés"
"408","tennis-point.fr","Sports",0,"Articles de sport spécialisés"
"409","monsieurgolf.com","Sports",0,"Articles de sport spécialisés"
"410","dragonbleu.fr","Sports",0,"Articles de sport spécialisés"
"411","pecheur.com","Sports",0,"Chasse et pêche"
"412","chronocarpe.com","Sports",0,"Chasse et pêche"
"413","articles-peche.fr","Sports",0,"Chasse et pêche"
"414","pacificpeche.com","Sports",0,"Chasse et pêche"
"415","ducatillon.com","Sports",0,"Chasse et pêche"
"416","alltricks.fr","Sports",1,"Cyclisme"
"417","bike-discount.de","Sports",0,"Cyclisme"
"418","ekoi.fr","Sports",0,"Cyclisme"
"419","ultimebike.com","Sports",0,"Cyclisme"
"420","bikester.fr","Sports",1,"Cyclisme"
"421","fr.theproteinworks.com","Sports",1,"Fitness et musculation"
"422","prozis.com","Sports",0,"Fitness et musculation"
"423","nu3.fr","Sports",1,"Fitness et musculation"
"424","fr.myprotein.com","Sports",1,"Fitness et musculation"
"425","fitnessboutique.fr","Sports",0,"Fitness et musculation"
"426","rugbyshop.com","Sports",0,"Sports de ballon"
"427","basket4ballers.com","Sports",0,"Sports de ballon"
"428","boutique.fff.fr","Sports",0,"Sports de ballon"
"429","basketstore.fr","Sports",1,"Sports de ballon"
"430","nbastore.eu","Sports",1,"Sports de ballon"
"431","hardloop.fr","Sports",1,"Activités outdoor"
"432","atlasformen.fr","Sports",0,"Activités outdoor"
"433","barrabes.com","Sports",0,"Activités outdoor"
"434","glisshop.com","Sports",0,"Activités outdoor"
"435","campz.fr","Sports",1,"Activités outdoor"
"436","asadventure.fr","Sports",1,"Activités outdoor"
"437","expe.fr","Sports",0,"Activités outdoor"
"438","speck-sports.com","Sports",1,"Activités outdoor"
"439","speck-sports.com","Sports",1,"Activités outdoor"
"440","speck-sports.com","Sports",1,"Activités outdoor"
"441","speck-sports.com","Sports",1,"Activités outdoor"
"442","freeride-attitude.com","Sports",0,"Activités outdoor"
"443","merrell.com","Sports",1,"Activités outdoor"
"444","thenorthface.fr","Sports",0,"Activités outdoor"
"445","snowleader.com","Sports",0,"Activités outdoor"
"446","surfdome.fr","Sports",1,"Activités outdoor"
"447","h2r-equipements.com","Sports",0,"Activités outdoor"
"448","blue-tomato.com","Sports",1,"Sportswear"
"449","reebok.fr","Sports",0,"Sportswear"
"450","superdry.fr","Sports",1,"Sportswear"
"451","adidas.fr","Sports",1,"Sportswear"
