"","site_name","cc","Type","cp","New_Type"
"1","1001 BIERES","Oui","Alimentation",0,"Alimentation"
"2","1083","Non","Mode et accessoires",1,"Mode et accessoires"
"3","24SEVRES","Non","Mode et accessoires",1,"Mode et accessoires"
"4","44TONNES","Oui","Maison et équipement auto",0,"Maison et équipement auto"
"5","ABITAREKDIS","Non","Mode et accessoires",1,"Mode et accessoires"
"6","ABOUT YOU","Non","Loisirs",1,"Loisirs"
"7","ABTEY","Oui","Loisirs",0,"Loisirs"
"8","ADAM ET EVE","Non","Bien-être et beauté",1,"Bien-être et beauté"
"9","ADOUCISSEUR-EAU.COM","Oui","Maison et équipement auto",0,"Maison et équipement auto"
"10","AFFLELOU","Oui","Mode et accessoires",0,"Mode et accessoires"
"11","AFIBEL","Oui","Mode et accessoires",0,"Mode et accessoires"
"12","AGRIAL","Oui","Alimentation",0,"Alimentation"
"13","AGRO SERVICE 2000","Oui","Alimentation",0,"Alimentation"
"14","AIGLE","Non","Mode et accessoires",1,"Mode et accessoires"
"15","AIRNEST","Oui","Maison et équipement auto",0,"Maison et équipement auto"
"16","AIRSHOW.FR","Non","Loisirs",1,"Loisirs"
"17","ALLBRAY – QOBUZ","Oui","Bien-être et beauté",0,"Bien-être et beauté"
"18","ALLOTAPIS","Oui","Maison et équipement auto",0,"Maison et équipement auto"
"19","ALTER SMOKE","Oui","Maison et équipement auto",0,"Maison et équipement auto"
"20","AMAZON.FR","Oui","Bien-être et beauté",0,"Bien-être et beauté"
"21","Ammareal","Non","Electroménager et multimédia",1,"Electroménager et multimédia"
"22","AMORELIE","Non","Loisirs",1,"Loisirs"
"23","AMPOULES SERVICE – MON ECLAIRAGELED.COM","Oui","Electroménager et multimédia",0,"Electroménager et multimédia"
"24","ANDRÉ","Oui","Maison et équipement auto",0,"Maison et équipement auto"
"25","Ankorstore","Oui","Maison et équipement auto",0,"Maison et équipement auto"
"26","ANTALIS","Non","Loisirs",1,"Loisirs"
"27","AOSOM","Non","Maison et équipement auto",1,"Maison et équipement auto"
"28","AQUA LUNG GROUP","Non","Sports",1,"Loisirs"
"29","AQUAPLANTE","Oui","Loisirs",0,"Loisirs"
"30","AQUARIUM SYSTEMS","Oui","Loisirs",0,"Loisirs"
"31","ARMAND THIERY","Oui","Mode et accessoires",0,"Mode et accessoires"
"32","ARTISANAT MONASTIQUE","Oui","Mode et accessoires",0,"Mode et accessoires"
"33","ATELIER GABRIELLE SEILLANCE","Non","Mode et accessoires",1,"Mode et accessoires"
"34","ATELIER TUFFERY","Oui","Maison et équipement auto",0,"Maison et équipement auto"
"35","ATLAS FOR MEN","Non","Maison et équipement auto",1,"Maison et équipement auto"
"36","AUBERT","Oui","Mode et accessoires",0,"Mode et accessoires"
"37","AURLANE","Non","Maison et équipement auto",1,"Maison et équipement auto"
"38","AUTISME DIFFUSION","Oui","Mode et accessoires",0,"Mode et accessoires"
"39","AUTOUR DE BÉBÉ","Oui","Maison et équipement auto",0,"Maison et équipement auto"
"40","AVERON","Non","Maison et équipement auto",1,"Maison et équipement auto"
"41","AXESS-INDUSTRIES","Oui","Maison et équipement auto",0,"Maison et équipement auto"
"42","AYUR-VANA – TANDEM SANTE","Oui","Santé et beauté",0,"Bien-être et beauté"
"43","BACK MARKET","Oui","Electroménager et multimédia",0,"Electroménager et multimédia"
"44","BACSAC","Oui","Maison et équipement auto",0,"Maison et équipement auto"
"45","BALSAMIK / MOVITEX","Oui","Mode et accessoires",0,"Mode et accessoires"
"46","BANANAIR","Non","Divers",1,"Autres"
"47","BARBACADO","Non","Jouets et loisirs",1,"Loisirs"
"48","BAX-SHOP.FR","Non","Divers",1,"Autres"
"49","BÉBÉ 9","Oui","Enfants et bébés",0,"Enfants et bébés"
"50","BEBEBOUTIK","Oui","Enfants et bébés",0,"Enfants et bébés"
"51","BECQUET","Oui","Maison et équipement auto",0,"Maison et équipement auto"
"52","BERNARD","Oui","Mode et accessoires",0,"Mode et accessoires"
"53","BERNARDAUD","Non","Maison et équipement auto",1,"Maison et équipement auto"
"54","BESSON CHAUSSSURES","Oui","Mode et accessoires",0,"Mode et accessoires"
"55","BICSHAVECLUB.COM; BIC.COM; CSE.RENTREE-ZEN.COM","Oui","Alimentation et boissons",0,"Alimentation"
"56","BIENMANGER.COM","Oui","Santé et beauté",0,"Bien-être et beauté"
"57","BIGOUDI SHOP","Oui","Alimentation et boissons",0,"Alimentation"
"58","BIO ENERGIES EUROPE","Oui","Santé et beauté",0,"Bien-être et beauté"
"59","BIOCOOP","Oui","Enfants et bébés",0,"Enfants et bébés"
"60","BIOCYTE","Oui","Électronique et informatique",0,"Electroménager et multimédia"
"61","BIOLANE","Oui","Divers",0,"Autres"
"62","BIS-ELECTRIC.COM","Oui","Divers",0,"Autres"
"63","BIZZBEE","Oui","Divers",0,"Autres"
"64","BLANC D’IVOIRE – MATHILDE M","Oui","Mode et accessoires",0,"Mode et accessoires"
"65","BLANCHE BRESSON INSTITUT","Oui","Maison et équipement auto",0,"Maison et équipement auto"
"66","BLANCHEPORTE","Oui","Santé et beauté",0,"Bien-être et beauté"
"67","BLEDINA – GALLIA","Non","Mode et accessoires",1,"Mode et accessoires"
"68","BLEUFORÊT – OLYMPIA","Oui","Mode et accessoires",0,"Mode et accessoires"
"69","BNP PARIBAS","Oui","Maison et équipement auto",0,"Maison et équipement auto"
"70","BOB-LEMENUISIER.FR","Oui","Mode et accessoires",0,"Mode et accessoires"
"71","BOBBIES","Non","Mode et accessoires",1,"Mode et accessoires"
"72","BOCAGE","Oui","Mode et accessoires",0,"Mode et accessoires"
"73","BONOBO","Oui","Divers",0,"Autres"
"74","BOULANGER / WEBDISTRIB","Oui","Électronique et informatique",0,"Electroménager et multimédia"
"75","BOUTIQUE DU BLEUET DE FRANCE","Oui","Non-profit",0,"Non-profit"
"76","BOUTIQUE-DU-COMBAT.COM","Oui","Sport et loisirs",0,"Loisirs"
"77","BRICO-FENETRE.COM","Oui","Maison et équipement auto",0,"Maison et équipement auto"
"78","BRIOMONDO","Oui","Divers",0,"Autres"
"79","BRUNEAU","Oui","Bureautique",0,"Autres"
"80","BURTON","Non","Bureautique",1,"Autres"
"81","BUT","Oui","Maison et équipement auto",0,"Maison et équipement auto"
"82","BUTTINETTE","Oui","Loisirs créatifs",0,"Loisirs"
"83","C-MONETIQUETTE.FR","Non","Enfants et bébés",1,"Enfants et bébés"
"84","C.2.M.","Oui","Maison et équipement auto",0,"Maison et équipement auto"
"85","CACHE-CACHE","Non","Mode et accessoires",1,"Mode et accessoires"
"86","CACHE-CACHE – BONOBO – SCOTTAGE – PATRICE BREAL – MORGAN","Non","Mode et accessoires",1,"Mode et accessoires"
"87","CAFE CARON","Oui","Alimentation et boissons",0,"Alimentation"
"88","CAFE PRIVILEGE","Non","Alimentation et boissons",1,"Alimentation"
"89","CAFES MALONGO","Non","Alimentation et boissons",1,"Alimentation"
"90","CALZEDONIA  – INTIMISSIMI – TEZENIS.","Oui","Mode et accessoires",0,"Mode et accessoires"
"91","CANALSAT","Non","Mode et accessoires",1,"Mode et accessoires"
"92","CAPHARNAÜM","Oui","Technologie",0,"Electroménager et multimédia"
"93","CAREA SANITAIRE","Non","Mode et accessoires",1,"Mode et accessoires"
"94","CAROLL","Non","Maison et équipement auto",1,"Maison et équipement auto"
"95","Carré Blanc","Oui","Maison et équipement auto",0,"Maison et équipement auto"
"96","CARREFOUR.FR","Oui","Maison et équipement auto",0,"Maison et équipement auto"
"97","CARRERA","Non","Maison et équipement auto",1,"Maison et équipement auto"
"98","CARTONSDEDEMENAGEMENT.COM","Non","Divers",1,"Autres"
"99","CASTORAMA","Non","Alimentation et boissons",1,"Alimentation"
"100","Cave de Jurançon","Oui","Alimentation et boissons",0,"Alimentation"
"101","CDISCOUNT.COM","Oui","Divers",0,"Autres"
"102","CDRG","Oui","Divers",0,"Autres"
"103","CELIO / CELIO CLUB","Oui","Divers",0,"Autres"
"104","CENPAC","Oui","Maison et équipement auto",0,"Maison et équipement auto"
"105","CENTIMETRE.COM","Oui","Beauté et soins personnels",0,"Bien-être et beauté"
"106","CHANEL","Oui","Mode et accessoires",0,"Mode et accessoires"
"107","CHARLES JOURDAN","Non","Divers",1,"Autres"
"108","CHEVIGNON","Non","Mode et accessoires",1,"Mode et accessoires"
"109","CHR SHOP","Non","Divers",1,"Autres"
"110","CHRISTINE LAURE","Oui","Maison et équipement auto",0,"Maison et équipement auto"
"111","CIGALE ET FOURMI","Oui","Divers",0,"Autres"
"112","CINQ MONDES","Non","Beauté et soins personnels",1,"Bien-être et beauté"
"113","CLARINS","Non","Mode et accessoires",1,"Mode et accessoires"
"114","CLEMENTINA FROG","Oui","Divers",0,"Autres"
"115","CLEOR","Non","Mode et accessoires",1,"Mode et accessoires"
"116","CNM Boutique","Non","Divers",1,"Autres"
"117","COCOONCENTER","Oui","Livres et médias",0,"Livres et médias"
"118","COFIDIS","Oui","Finance et services",0,"Finance et services"
"119","COLAS NORMAND","Oui","Maison et équipement auto",0,"Maison et équipement auto"
"120","COLAS NORMAND","Oui","Maison et équipement auto",0,"Maison et équipement auto"
"121","COLLECTOR SQUARE","Oui","Mode et accessoires",0,"Mode et accessoires"
"122","COMPEX","Oui","Beauté et soins personnels",0,"Bien-être et beauté"
"123","COMPO PHONE","Non","Electronique",1,"Autres"
"124","COMPTOIR DU TUNING","Oui","Auto et moto",0,"Auto et moto"
"125","COMPTOIRDUCABRIOLET.COM – COMPTOIRAUTO.COM  – BACHE-PROTECTION-AUTO.COM","Oui","Auto et moto",0,"Auto et moto"
"126","CONFORAMA","Oui","Maison et équipement auto",0,"Maison et équipement auto"
"127","CONRAD ELECTRONIC","Oui","Electronique",0,"Autres"
"128","COREME","Oui","Electronique",0,"Autres"
"129","CORNILLEAU","Oui","Maison et équipement auto",0,"Maison et équipement auto"
"130","COSMOPARIS","Oui","Mode et accessoires",0,"Mode et accessoires"
"131","COSMOPARIS","Oui","Mode et accessoires",0,"Mode et accessoires"
"132","COURIR","Non","Animalerie",1,"Animalerie"
"133","CREATIVE COMMERCE PARIS","Oui","Beauté et santé",0,"Bien-être et beauté"
"134","CROQUETTELAND","Oui","Animalerie",0,"Animalerie"
"135","CULTURA","Oui","Livres",0,"Livres et médias"
"136","CULTURE INDOOR","Non","Jardinage",1,"Jardinage"
"137","CYCLAMELLE","Oui","Mode et accessoires",0,"Mode et accessoires"
"138","DAFY@STORE","Oui","Auto et moto",0,"Auto et moto"
"139","DAMART","Non","Mode et accessoires",1,"Mode et accessoires"
"140","DANONE PRODUITS FRAIS","Oui","Alimentation et boisson",0,"Alimentation"
"141","DARTY","Oui","Electronique et maison",0,"Maison et équipement auto"
"142","Decoclico","Non","Fêtes et occasions spéciales",1,"Evénements et billetterie"
"143","DEGRENNE PARIS","Non","Electronique",1,"Autres"
"144","DEGUISETOI.FR","Non","Fêtes et occasions spéciales",1,"Evénements et billetterie"
"145","DEIN DESIGN","Oui","Electronique",0,"Autres"
"146","DELSEY","Non","Restauration et livraison de nourriture",1,"Restauration et livraison de nourriture"
"147","DESJARDINS.FR","Oui","Jardinage et animalerie",0,"Animalerie"
"148","DEVRED 1902","Oui","Mode et accessoires",0,"Mode et accessoires"
"149","DIGITICK / SEE TICKETS","Non","Evénements et billetterie",1,"Evénements et billetterie"
"150","DIM – WONDERBRA – PLAYTEX","Oui","Beauté et santé",0,"Bien-être et beauté"
"151","DIRECT MATELAS","Oui","Maison et jardin",0,"Maison et équipement auto"
"152","DIRECT PLANTES","Oui","Jardinage",0,"Jardinage"
"153","DISTRIBAIN","Non","Maison et jardin",1,"Maison et équipement auto"
"154","DISTRIMED","Non","Maison et jardin",1,"Maison et équipement auto"
"155","DJULA","Non","Soins de santé",1,"Bien-être et beauté"
"156","DOMADOO","Oui","Mode et accessoires",0,"Mode et accessoires"
"157","E-MOOV SERVICES","Oui","Divertissement et média",0,"Loisirs"
"158","E.LECLERC","Oui","Grande distribution",0,"Grande distribution"
"159","EASY CASH","Oui","Commerce de biens d'occasion",0,"Autres"
"160","EASY MH","Oui","Automobile et pièces",0,"Auto et moto"
"161","EASYPARAPHARMACIE","Oui","Beauté et santé",0,"Bien-être et beauté"
"162","EASYTOYS","Non","Technologie et vêtements",1,"Mode et accessoires"
"163","EBAY.FR","Oui","Marché en ligne",0,"Autres"
"164","ECOBAT BATTERY","Oui","Batteries et électronique",0,"Electroménager et multimédia"
"165","EDEN PARK","Non","Vêtements et équipements",1,"Mode et accessoires"
"166","EDITIONS HARLEQUIN","Oui","Vêtements et accessoires",0,"Mode et accessoires"
"167","ELECTISSIME","Oui","Produits électriques et électroniques",0,"Electroménager et multimédia"
"168","ELSEVIER MASSON","Non","Santé et bien-être",1,"Bien-être et beauté"
"169","EMBRYOLISSE","Non","Maison et jardin",1,"Maison et équipement auto"
"170","EMINZA","Oui","Mode et accessoires",0,"Mode et accessoires"
"171","EMOI EMOI","Non","Technologie et logiciels",1,"Electroménager et multimédia"
"172","ENTELECHARGEMENT;COM","Non","Technologie et logiciels",1,"Electroménager et multimédia"
"173","ENVIE DE FRAISES","Non","Vêtements et mode",1,"Mode et accessoires"
"174","ENVOI DU MASQUE","Non","Mode et vêtements pour la maternité et bébé",1,"Mode et accessoires"
"175","EPICERY","Oui","Santé et bien-être",0,"Bien-être et beauté"
"176","EQUILIBRE-ET-INSTINCT.COM","Non","Commerce général",1,"Autres"
"177","ÉRAM","Oui","Animalerie",0,"Animalerie"
"178","ERIC BUR","Non","Épicerie et produits gourmets",1,"Autres"
"179","ETAM LINGERIE – ETAM PRÊ-A-PORTER","Non","Mode et accessoires",1,"Mode et accessoires"
"180","ETOFFE.COM","Oui","Maison et décoration",0,"Maison et équipement auto"
"181","ETS RENE SALOMON","Oui","Maison et cuisine",0,"Maison et équipement auto"
"182","EZI.CLEAN – E.ZILIGHT","Oui","Maison et entretien",0,"Maison et équipement auto"
"183","F.F.F.","Oui","Sport et loisirs",0,"Loisirs"
"184","FAGUO","Oui","Sport et loisirs",0,"Loisirs"
"185","FALCONERI","Non","Mode et accessoires",1,"Mode et accessoires"
"186","FDJ","Oui","Eclairage et luminaires",0,"Autres"
"187","FENETRE DE TOIT EN LIGNE – LUXTRA FENETRE DE TOIT","Non","Bricolage et construction",1,"Maison et équipement auto"
"188","FEU VERT","Oui","Automobile et services",0,"Auto et moto"
"189","FLEURANCE NATURE","Oui","Produits naturels et bio",0,"Bien-être et beauté"
"190","FLORANJOU","Oui","Services financiers",0,"Finance et services"
"191","FNAC.COM","Oui","Commerce de détail - Varié",0,"Autres"
"192","FOREST STYLE – SOULET","Oui","Commerce de détail - Varié",0,"Autres"
"193","FOTELEC","Non","Musique et sonorisation",1,"Livres et médias"
"194","FRANCE ACCESSOIRES","Oui","Informatique et accessoires",0,"Mode et accessoires"
"195","FRANCE MINERAUX","Non","Bijoux et accessoires",1,"Mode et accessoires"
"196","FRANCOISE SAGET","Oui","Linge de maison",0,"Maison et équipement auto"
"197","FRANKEL","Non","Services financiers",1,"Finance et services"
"198","FROM FUTURE","Non","Vêtements et mode",1,"Mode et accessoires"
"199","FUZEAU","Oui","Vêtements et mode",0,"Mode et accessoires"
"200","GALERIESLAFAYETTE.COM","Oui","Commerce de détail - Varié",0,"Autres"
"201","GAMM VERT","Oui","Jardinage et équipements d'extérieur",0,"Jardinage"
"202","GÉMO","Oui","Vêtements et mode",0,"Mode et accessoires"
"203","GIANT","Oui","Sport et loisirs - Cyclisme",0,"Loisirs"
"204","GIRLS IN PARIS","Non","Vêtements et mode",1,"Mode et accessoires"
"205","GLOBE","Non","Sport et loisirs - Skateboarding",1,"Loisirs"
"206","GOLDEN GOOSE","Non","Vêtements et mode",1,"Mode et accessoires"
"207","GREADEN","Oui","Jardinage et équipements d'extérieur",0,"Jardinage"
"208","GREENWEEZ.COM","Oui","Produits biologiques et écologiques",0,"Autres"
"209","GROUPON","Non","Bons plans et promotions",1,"Autres"
"210","HAJDU","Oui","Électroménager - Chauffe-eau",0,"Autres"
"211","HEINEKEN","Oui","Alimentation - Boissons",0,"Alimentation"
"212","HISTOIRE D’OR","Non","Bijoux et accessoires",1,"Mode et accessoires"
"213","HUDSON REED FRANCE","Oui","Électroménager - Chauffage",0,"Autres"
"214","HUGO PLANET","Oui","Vêtements et mode - Chaussures",0,"Mode et accessoires"
"215","HYDROZONE","Non","Cadeaux et articles personnalisés",1,"Cadeaux et accessoires"
"216","HYPNIA","Oui","Fitness et équipements sportifs",0,"Loisirs"
"217","I-PERLES","Non","Santé et bien-être",1,"Bien-être et beauté"
"218","IFIT HEALTH – NORDITRACK","Non","Vêtements et mode",1,"Mode et accessoires"
"219","IKEA","Oui","Ameublement et décoration",0,"Maison et équipement auto"
"220","IKKS","Non","Vêtements et mode",1,"Mode et accessoires"
"221","INAPA FRANCE","Non","Automobiles - Certificats de qualité de l'air",1,"Auto et moto"
"222","INCENZA","Non","Fournitures de bureau et emballage",1,"Autres"
"223","INCOMED","Oui","Soins de beauté et cosmétiques",0,"Bien-être et beauté"
"224","INITIATIVES","Non","Soins de santé - Incontinence et diagnostic médical",1,"Bien-être et beauté"
"225","INTERFACE PLV","Non","Publicité et marketing - Produits destinés à la collecte de fonds",1,"Autres"
"226","INTERMARCHE","Oui","Grande distribution - Supermarché",0,"Grande distribution"
"227","ISKN – TORI","Non","Voyages culturels",1,"Voyages et tourisme"
"228","IZAC","Non","High-tech - Tablettes graphiques et ludo-éducatives",1,"Electroménager et multimédia"
"229","JANE DE BOY","Oui","Vêtements et mode - Prêt-à-porter masculin",0,"Mode et accessoires"
"230","JARDIMAGINE.COM – SERRES-LAMS.COM","Oui","Jardinage et animalerie",0,"Animalerie"
"231","JARDIN DECO","Oui","Mobilier et décoration - Jardin",0,"Maison et équipement auto"
"232","JARDIN EN SCENE","Non","Alimentation - Chocolats et confiseries",1,"Alimentation"
"233","JEFF DE BRUGES","Non","Alimentation - Chocolats et confiseries",1,"Alimentation"
"234","JENNYFER","Oui","Maison et jardin - Articles ménagers",0,"Maison et équipement auto"
"235","JOSEPH JOSEPH","Oui","Maison et jardin - Cuisine et arts de la table",0,"Maison et équipement auto"
"236","JOUECLUB EXPRESS","Non","Vêtements et mode - Prêt-à-porter masculin",1,"Mode et accessoires"
"237","JPG.FR","Oui","Alimentation - Café et machines à café",0,"Alimentation"
"238","JULES – BRICE","Oui","Vêtements et mode - Prêt-à-porter masculin",0,"Mode et accessoires"
"239","JULES – BRICE – BIZZZBEE","Non","Vêtements et mode - Prêt-à-porter",1,"Mode et accessoires"
"240","JURA FRANCE","Non","Électroménager - Cafetières et machines à café",1,"Autres"
"241","JUSTOVERTHETOP – JOTT","Oui","Vêtements et mode - Prêt-à-porter",0,"Mode et accessoires"
"242","KADALYS","Oui","Vêtements et mode - Prêt-à-porter",0,"Mode et accessoires"
"243","KADOLIS","Oui","Beauté et cosmétiques - Produits cosmétiques",0,"Bien-être et beauté"
"244","KANATA","Oui","Loisirs - Billets et tickets de loisirs et de culture",0,"Loisirs"
"245","KELELEK","Oui","Bricolage - Nettoyage et hygiène",0,"Maison et équipement auto"
"246","KIABI","Non","Vêtements et mode - Prêt-à-porter",1,"Mode et accessoires"
"247","KICKERS","Oui","Vêtements et mode - Prêt-à-porter",0,"Mode et accessoires"
"248","KIDSAROUND.COM","Oui","Vêtements et mode - Enfants",0,"Mode et accessoires"
"249","KOX","Non","Vêtements et mode - Enfants",1,"Mode et accessoires"
"250","KREA","Oui","Jardinage et animalerie - Matériels et équipements",0,"Animalerie"
"251","KRISTEL","Oui","Maison et jardin - Mobilier de jardin et de salle de bains",0,"Maison et équipement auto"
"252","KUBII","Oui","High-tech - Accessoires et produits liés aux cuirs",0,"Mode et accessoires"
"253","KUSMI TEA – LOV ORGANIC","Non","Alimentation - Thés et infusions",1,"Alimentation"
"254","L’EPICERIE DU CHATEAU","Non","Alimentation - Épicerie fine",1,"Alimentation"
"255","L’EPICIER GRAND CRU STRASBOURG","Oui","Vêtements et mode - Prêt-à-porter",0,"Mode et accessoires"
"256","L’EXCEPTION","Oui","Beauté et cosmétiques - Produits l'Occitane",0,"Bien-être et beauté"
"257","L’OCCITANE – ERBORIAN – MELVITA","Oui","Sports et loisirs - Boules de pétanque et accessoires boulistes",0,"Mode et accessoires"
"258","LA BOUTIQUE DU BOIS","Oui","Jardinage et animalerie - Clôtures PVC et alu sur mesure",0,"Animalerie"
"259","LA FOIR’ FOUILLE","Oui","Maison et jardin - Décoration et équipements",0,"Maison et équipement auto"
"260","LA FOURCHE","Oui","Alimentation - Produits bio et locaux",0,"Alimentation"
"261","LA GRANDE ÉPICERIE DE PARIS","Non","Alimentation - Épicerie fine et produits d'exception",1,"Alimentation"
"262","LA HALLE","Oui","Alimentation - Épicerie fine et cave",0,"Alimentation"
"263","LA MAISON DU TEE SHIRT","Oui","Vêtements et mode - Textiles publicitaires",0,"Mode et accessoires"
"264","LA MODEUSE","Oui","Vêtements et mode - Prêt-à-porter féminin",0,"Mode et accessoires"
"265","LA REDOUTE  – BOUTIQUE AM-PM – BOUTIQUE LES AUBAINES","Oui","Maison et jardin - Meubles et décoration",0,"Maison et équipement auto"
"266","LA TRINITAINE","Oui","Alimentation - Biscuiterie et produits régionaux",0,"Alimentation"
"267","LA VIE NATURELLE","Oui","Santé et bien-être - Produits naturels",0,"Bien-être et beauté"
"268","LABEL EMMAÜS","Oui","Mode et accessoires - Produits d'occasion",0,"Mode et accessoires"
"269","LABONNEPOMPE.COM","Oui","Bricolage - Menuiserie",0,"Maison et équipement auto"
"270","LABORATOIRE DENSMORE","Non","Bricolage - Pompes à eau électriques",1,"Maison et équipement auto"
"271","LABORATOIRE NATUR’AVIGNON","Oui","Bijoux et accessoires - Bijoux en or",0,"Mode et accessoires"
"272","LABORATOIRES ILAPHARM SA","Non","Santé et bien-être - Compléments alimentaires et cosmétiques",1,"Bien-être et beauté"
"273","LACOSTE","Non","Vêtements et mode - Habillement textile Lacoste",1,"Mode et accessoires"
"274","LARGO","Oui","Aliments pour chevaux",0,"Autres"
"275","LASHILE BEAUTY FULL","Non","Produits électroniques nomades reconditionnés",1,"Electroménager et multimédia"
"276","LASTMINUTE.COM – VOYAGES SUR MESURES","Non","Compléments alimentaires",1,"Bien-être et beauté"
"277","LAURA KENT / MONA","Non","Agence de voyages en ligne",1,"Voyages et tourisme"
"278","LAVINIA","Oui","Vente de textiles et cadeaux",0,"Cadeaux et accessoires"
"279","LDLC.COM – TOP ACHAT","Oui","Vins et spiritueux",0,"Autres"
"280","LE BHV MARAIS","Oui","Matériel informatique et multimédia",0,"Electroménager et multimédia"
"281","LE COMPTOIR DE BEBE","Non","Services et abonnements pour bébés",1,"Enfants et bébés"
"282","LE FURET DU NORD – DECITRE – UCULTURE","Oui","Produits de puériculture",0,"Enfants et bébés"
"283","LE JARDIN DES PLUMES","Non","Pas pertinent",1,"Autres"
"284","LE PETIT BALLON","Oui","Vente de produits culinaires",0,"Autres"
"285","LE PETIT VAPOTEUR","Oui","Cigarettes électroniques et e-liquides",0,"Electroménager et multimédia"
"286","LEDGER","Non","Solutions technologiques",1,"Autres"
"287","LEGALLAIS","Oui","Produits de quincaillerie",0,"Autres"
"288","LEMAIRE","Oui","Verres ophtalmiques et lentilles",0,"Autres"
"289","LENTILLE-OPTICIENS","Oui","Optique (lentilles",0,"Autres"
"290","LENTILLES MOINS CHERES","Oui","Produits de rénovation et aménagement de l'habitat",0,"Autres"
"291","LEROY MERLIN","Oui","Vêtements de loisirs pour la chasse",0,"Mode et accessoires"
"292","LES DELICES DE L’OULIBO","Non","Foies gras",1,"Autres"
"293","LES DUCS DE GASCOGNE","Oui","Produits du terroir",0,"Autres"
"294","LES FRENCHIES","Oui","Pas pertinent",0,"Autres"
"295","LES TERRASSES D’ARAGON","Oui","Micro-maisons",0,"Maison et équipement auto"
"296","Les tricots Marcel.com","Oui","Coutellerie et bijouterie",0,"Autres"
"297","LES TROPEZIENNES PAR M.BELARBI","Non","Chaussures",1,"Mode et accessoires"
"298","LG ELECTRONICS FRANCE","Oui","Électronique grand public et électroménager",0,"Electroménager et multimédia"
"299","LIBRAIRIE MOLLAT","Oui","Librairie",0,"Livres et médias"
"300","LIDL-VINS.FR","Oui","Linge de maison",0,"Maison et équipement auto"
"301","LINVOSGES","Oui","Collections de livres",0,"Livres et médias"
"302","LIRIADE – CLUB FRANCAIS DE LA MONNAIE","Oui","Articles de décoration",0,"Maison et équipement auto"
"303","LOBERON","Non","Location de mobilier",1,"Maison et équipement auto"
"304","LOKEO.FR","Oui","Location de produits multimédia",0,"Electroménager et multimédia"
"305","LONGCHAMP","Non","Maroquinerie et accessoires de mode",1,"Mode et accessoires"
"306","LÕU.YETU","Oui","Bijoux",0,"Cadeaux et accessoires"
"307","LOUIS PION","Oui","Montres",0,"Cadeaux et accessoires"
"308","LOXAM","Oui","Location et vente de matériel de chantiers et travaux publics",0,"Autres"
"309","LPEV","Oui","Compléments alimentaires",0,"Bien-être et beauté"
"310","LUMINAIRE.FR","Non","Pas pertinent",1,"Autres"
"311","Lush","Non","Vente de plantes bio",1,"Jardinage"
"312","MA BOUTIQUE O NATUREL","Oui","Produits électroménagers durables",0,"Autres"
"313","MA GARANTIE 5 ANS","Oui","Caves à vin et accessoires",0,"Mode et accessoires"
"314","MA-CAVE-A-VIN.FR","Oui","Fourniture industrielle et équipements de protection",0,"Autres"
"315","MABEO INDUSTRIES","Oui","Fourniture industrielle et outillage professionnel",0,"Autres"
"316","MABEX","Oui","Fourniture industrielle et outillage professionnel",0,"Autres"
"317","MADE IN BÉBÉ – ALLO BÉBÉ","Oui","Gestion d'abonnements pour les éditeurs de collections",0,"Autres"
"318","MADE IN BIO","Oui","Produits de puériculture",0,"Enfants et bébés"
"319","MADE IN DESIGN","Oui","Habillement biologique et éco-responsable",0,"Autres"
"320","MADELEINE","Non","Mobilier et décoration design",1,"Maison et équipement auto"
"321","MAISON 123","Oui","Prêt-à-porter de luxe féminin",0,"Mode et accessoires"
"322","MAISON BOUTARIN","Oui","Prêt-à-porter et accessoires",0,"Mode et accessoires"
"323","MAISON DECO – PURE AND PAINT","Non","Ail noir",1,"Autres"
"324","MAISON PIGANIOL","Oui","Peinture et enduits de décoration",0,"Maison et équipement auto"
"325","MAISONS DU MONDE","Oui","Garde-corps sur mesure",0,"Autres"
"326","MANO MANO","Oui","Malt d'orge et de blé pour la fabrication de la bière",0,"Autres"
"327","MANTION SMT.","Non","Plateforme électronique de vente à distance d'articles de bricolage",1,"Maison et équipement auto"
"328","MANUCURIST","Non","Cosmétiques (vernis et soins)",1,"Bien-être et beauté"
"329","MANUTAN","Oui","Maison et équipement auto",0,"Maison et équipement auto"
"330","MANUTAN COLLECTIVITÉS","Non","Maison et équipement auto",1,"Maison et équipement auto"
"331","MARE DI LATTE","Non","Mode et accessoires",1,"Mode et accessoires"
"332","MARGARET HOWELL","Non","Bien-être et beauté",1,"Bien-être et beauté"
"333","MARIA GALLAND","Non","Loisirs",1,"Loisirs"
"334","MARIANNE MELODIE","Oui","Bien-être et beauté",0,"Bien-être et beauté"
"335","MARIONNAUD PARFUMERIES","Oui","Alimentation",0,"Alimentation"
"336","MATELPRO.COM","Oui","Maison et équipement auto",0,"Maison et équipement auto"
"337","MATERIEL CHR PRO","Oui","Maison et équipement auto",0,"Maison et équipement auto"
"338","MATERIEL SERVICE MEDICAL","Oui","Bien-être et beauté",0,"Bien-être et beauté"
"339","MATHON","Oui","Maison et équipement auto",0,"Maison et équipement auto"
"340","MATY","Oui","Mode et accessoires",0,"Mode et accessoires"
"341","MAXIBURO","Oui","Maison et équipement auto",0,"Maison et équipement auto"
"342","MAXICOFFEE","Oui","Alimentation",0,"Alimentation"
"343","MECATECHNIC","Oui","Maison et équipement auto",0,"Maison et équipement auto"
"344","MELLOW YELLOW","Non","Mode et accessoires",1,"Mode et accessoires"
"345","MEMOIRES D’OCEANS","Non","Loisirs",1,"Loisirs"
"346","MERCATEO","Oui","Maison et équipement auto",0,"Maison et équipement auto"
"347","MIIDEX LIGHTING","Oui","Maison et équipement auto",0,"Maison et équipement auto"
"348","MILIBOO","Oui","Loisirs",0,"Loisirs"
"349","MILLET – EIDER – LAFUMA","Non","Mode et accessoires",1,"Mode et accessoires"
"350","MINELLI","Non","Mode et accessoires",1,"Mode et accessoires"
"351","MINIKANE","Non","Bien-être et beauté",1,"Bien-être et beauté"
"352","MISENCIL","Oui","Loisirs",0,"Loisirs"
"353","MISTER AUTO","Non","Maison et équipement auto",1,"Maison et équipement auto"
"354","MOBILIER PRIVE","Oui","Maison et équipement auto",0,"Maison et équipement auto"
"355","MOBILIS","Non","Maison et équipement auto",1,"Maison et équipement auto"
"356","MON LIT CABANE","Non","Maison et équipement auto",1,"Maison et équipement auto"
"357","MONCANAPÉ.COM","Oui","Maison et équipement auto",0,"Maison et équipement auto"
"358","MONDIAL CLOP","Oui","Alimentation",0,"Alimentation"
"359","Monmatelas.net – meubletmoi.com","Non","Mode et accessoires",1,"Mode et accessoires"
"360","MONNAIE DE PARIS","Oui","Maison et équipement auto",0,"Maison et équipement auto"
"361","MONTLIMART","Oui","Mode et accessoires",0,"Mode et accessoires"
"362","MOULINEX – ROWENTA – TEFAL","Non","Electroménager et multimédia",1,"Electroménager et multimédia"
"363","MULLER STYLOS","Non","Mode et accessoires",1,"Mode et accessoires"
"364","MULTI-MOTEUR.COM","Non","Maison et équipement auto",1,"Maison et équipement auto"
"365","NAF NAF","Non","Mode et accessoires",1,"Mode et accessoires"
"366","NAÏTUP","Oui","Maison et équipement auto",0,"Maison et équipement auto"
"367","NARS COSMETIC","Non","Bien-être et beauté",1,"Bien-être et beauté"
"368","NATION PHOTO","Non","Loisirs",1,"Loisirs"
"369","NATURA","Non","Bien-être et beauté",1,"Bien-être et beauté"
"370","NATURABUY","Oui","Loisirs",0,"Loisirs"
"371","NATURALIA","Oui","Alimentation",0,"Alimentation"
"372","NATURE & DECOUVERTES","Oui","Maison et équipement auto",0,"Maison et équipement auto"
"373","NESPRESSO","Non","Alimentation",1,"Alimentation"
"374","NEWELL BRANDS","Oui","Bien-être et beauté",0,"Bien-être et beauté"
"375","NOOTICA","Oui","Loisirs",0,"Loisirs"
"376","NORDIQUE FRANCE","Oui","Maison et équipement auto",0,"Maison et équipement auto"
"377","NUNNINGER","Oui","Maison et équipement auto",0,"Maison et équipement auto"
"378","NUTRI & CO","Non","Alimentation",1,"Alimentation"
"379","ODIORA","Non","Bien-être et beauté",1,"Bien-être et beauté"
"380","OFASPORTS","Non","Loisirs",1,"Loisirs"
"381","OFMS","Oui","Alimentation",0,"Alimentation"
"382","OMIE & CIE","Non","Electroménager et multimédia",1,"Electroménager et multimédia"
"383","ONEY BANK","Oui","Loisirs",0,"Loisirs"
"384","OR DU MONDE","Oui","Mode et accessoires",0,"Mode et accessoires"
"385","ORCHESTRA – PREMAMAN","Oui","Mode et accessoires",0,"Mode et accessoires"
"386","ORECA","Oui","Maison et équipement auto",0,"Maison et équipement auto"
"387","OSCARO POWER","Oui","Maison et équipement auto",0,"Maison et équipement auto"
"388","OSCARO.COM","Oui","Maison et équipement auto",0,"Maison et équipement auto"
"389","PAGÈS","Non","Maison et équipement auto",1,"Maison et équipement auto"
"390","PALLADIUM & KSWISS","Oui","Mode et accessoires",0,"Mode et accessoires"
"391","PARABOOT","Oui","Mode et accessoires",0,"Mode et accessoires"
"392","PARADE","Oui","Mode et accessoires",0,"Mode et accessoires"
"393","PARROT","Oui","Electroménager et multimédia",0,"Electroménager et multimédia"
"394","PARTYLITE","Oui","Maison et équipement auto",0,"Maison et équipement auto"
"395","PATRICK ROGER","Non","Alimentation",1,"Alimentation"
"396","PAUL DEQUIDT TORREFACTEUR","Non","Maison et équipement auto",1,"Maison et équipement auto"
"397","PEARL DIFFUSION","Non","Loisirs",1,"Loisirs"
"398","PECHEUR.COM","Oui","Alimentation",0,"Alimentation"
"399","PERNOD – RICARD","Oui","Mode et accessoires",0,"Mode et accessoires"
"400","PETER HAHN","Non","Mode et accessoires",1,"Mode et accessoires"
"401","PETIT BATEAU","Oui","Mode et accessoires",0,"Mode et accessoires"
"402","PETIT BEGUIN – BAISER VOLE","Oui","Bien-être et beauté",0,"Bien-être et beauté"
"403","PHARMA-GDD.COM","Oui","Bien-être et beauté",0,"Bien-être et beauté"
"404","PHARMAZON","Non","Bien-être et beauté",1,"Bien-être et beauté"
"405","PIER IMPORT","Oui","Maison et équipement auto",0,"Maison et équipement auto"
"406","PIERRE RICAUD – ID PARFUM – DANIEL JOUVANCE","Oui","Bien-être et beauté",0,"Bien-être et beauté"
"407","PIERRON","Non","Bien-être et beauté",1,"Bien-être et beauté"
"408","PIN UP SECRET","Oui","Maison et équipement auto",0,"Maison et équipement auto"
"409","PIXARTPRINTING","Oui","Mode et accessoires",0,"Mode et accessoires"
"410","PLACE DES TENDANCES","Oui","Maison et équipement auto",0,"Maison et équipement auto"
"411","PLANFOR","Oui","Maison et équipement auto",0,"Maison et équipement auto"
"412","PNEUS-ONLINE","Oui","Maison et équipement auto",0,"Maison et équipement auto"
"413","POILÂNE","Oui","Alimentation",0,"Alimentation"
"414","POMPE-MOTEUR.FR","Non","Loisirs",1,"Loisirs"
"415","PORT DESIGNS","Oui","Bien-être et beauté",0,"Bien-être et beauté"
"416","POWER SANTE","Oui","Sports",0,"Loisirs"
"417","PRINTEMPS","Non","Maison et équipement auto",1,"Maison et équipement auto"
"418","PRO-DUO","Oui","Alimentation",0,"Alimentation"
"419","PUBLICATIONS AGORA","Oui","Bien-être et beauté",0,"Bien-être et beauté"
"420","PUBLICIS DRUGSTORE","Non","Bien-être et beauté",1,"Bien-être et beauté"
"421","PURE","Oui","Electroménager et multimédia",0,"Electroménager et multimédia"
"422","PURESSENTIEL","Non","Mode et accessoires",1,"Mode et accessoires"
"423","PYRENEX","Non","Santé",1,"Bien-être et beauté"
"424","QUADIENT","Oui","Maison et équipement auto",0,"Maison et équipement auto"
"425","QUAI WEST COMPOSITE","Oui","Maison et équipement auto",0,"Maison et équipement auto"
"426","QUIKSILVER, ROXY, DC SHOES","Non","Alimentation",1,"Alimentation"
"427","RAJA","Oui","Mode et accessoires",0,"Mode et accessoires"
"428","RAVENE","Oui","Loisirs",0,"Loisirs"
"429","RAVENSBURGER","Oui","Mode et accessoires",0,"Mode et accessoires"
"430","RECOMMERCE SOLUTIONS","Non","Bien-être et beauté",1,"Bien-être et beauté"
"431","REPETTO.FR","Oui","Loisirs",0,"Loisirs"
"432","RESINPRO","Non","Mode et accessoires",1,"Mode et accessoires"
"433","RETIF","Oui","Maison et équipement auto",0,"Maison et équipement auto"
"434","REUTER","Oui","Electroménager et multimédia",0,"Electroménager et multimédia"
"435","REVAMP PROFESSIONAL","Non","Maison et équipement auto",1,"Maison et équipement auto"
"436","RITZ PARIS","Oui","Bien-être et beauté",0,"Bien-être et beauté"
"437","RODIER","Non","Mode et accessoires",1,"Mode et accessoires"
"438","ROYAL CANIN – INDIVIDUALIS –","Non","Santé",1,"Bien-être et beauté"
"439","RS COMPONENTS SAS","Non","Electroménager et multimédia",1,"Electroménager et multimédia"
"440","RUDY’S","Oui","Santé",0,"Bien-être et beauté"
"441","SAM INTERNATIONAL","Non","Maison et équipement auto",1,"Maison et équipement auto"
"442","SAMSONITE","Oui","Mode et accessoires",0,"Mode et accessoires"
"443","SAMSUNG","Non","Electroménager et multimédia",1,"Electroménager et multimédia"
"444","SANITAIRE.FR – ORCA","Oui","Maison et équipement auto",0,"Maison et équipement auto"
"445","SANS COMPLEXE","Oui","Mode et accessoires",0,"Mode et accessoires"
"446","SARENZA","Oui","Mode et accessoires",0,"Mode et accessoires"
"447","SARENZA / MONOPRIX.FR","Non","Loisirs",1,"Loisirs"
"448","SAS Wethenew","Non","Alimentation",1,"Alimentation"
"449","SAUHTON","Oui","Alimentation",0,"Alimentation"
"450","Saveur Bière","Non","Alimentation",1,"Alimentation"
"451","SAWIDAY.FR","Oui","Maison et équipement",0,"Maison et équipement auto"
"452","SELECTION DU READER’S DIGEST","Oui","Littérature et publications",0,"Autres"
"453","SELENCY","Non","Maison et équipement",1,"Maison et équipement auto"
"454","SEPHORA","Oui","Beauté et cosmétiques",0,"Bien-être et beauté"
"455","SERGE LUTENS","Non","Beauté et cosmétiques",1,"Bien-être et beauté"
"456","SERGENT MAJOR","Non","Mode et accessoires",1,"Mode et accessoires"
"457","SERVISTORES","Oui","Mode et accessoires",0,"Mode et accessoires"
"458","SESSILE","Oui","Maison et équipement",0,"Maison et équipement auto"
"459","SETAM","Oui","Alimentation et boissons",0,"Alimentation"
"460","SEVELLIA","Non","Technologie et électronique",1,"Electroménager et multimédia"
"461","SEYLSEY.FR","Non","Non",1,"Autres"
"462","SHOPPINGNATURE.COM","Oui","Alimentation et boissons",0,"Alimentation"
"463","SHOWROOMPRIVE.COM","Oui","Alimentation et boissons",0,"Alimentation"
"464","SMALLABLE.COM","Oui","Mode et accessoires",0,"Mode et accessoires"
"465","SMART HOME","Oui","Maison et équipement",0,"Maison et équipement auto"
"466","SNCF Connect & Tech","Non","Non",1,"Autres"
"467","SNOWLEADER.COM","Non","Sports et plein air",1,"Loisirs"
"468","SORIUS","Oui","Technologie et électronique",0,"Electroménager et multimédia"
"469","SOS ACCESSOIRES","Oui","Maison et équipement",0,"Maison et équipement auto"
"470","SOURCE CLAIRE","Non","Alimentation et boissons",1,"Alimentation"
"471","SPALINA","Non","Maison et équipement",1,"Maison et équipement auto"
"472","SQUIZ","Non","Non",1,"Autres"
"473","STEELCASE","Non","Maison et équipement",1,"Maison et équipement auto"
"474","STIGA","Non","Maison et équipement",1,"Maison et équipement auto"
"475","STIHL","Non","Maison et équipement",1,"Maison et équipement auto"
"476","STORE-EN-STOCK.COM","Oui","Maison et équipement",0,"Maison et équipement auto"
"477","TA SURPRISE","Non","Cadeaux et événements",1,"Cadeaux et accessoires"
"478","TALISMAN by SAS","Non","Mode et accessoires",1,"Mode et accessoires"
"479","TBS","Oui","Maison et équipement",0,"Maison et équipement auto"
"480","TÉLÉSHOPPING – EUROSHOPPING – M6BOUTIQUE","Oui","Maison et équipement",0,"Maison et équipement auto"
"481","TEMPS L – CONFORT ET VIE","Oui","Maison et équipement",0,"Maison et équipement auto"
"482","TEREVA","Oui","Maison et équipement",0,"Maison et équipement auto"
"483","TEUFEL","Non","Maison et équipement",1,"Maison et équipement auto"
"484","THE CONRAN SHOP","Non","Maison et équipement",1,"Maison et équipement auto"
"485","THE KASE","Oui","Technologie et électronique",0,"Electroménager et multimédia"
"486","THEMA DECO","Non","Maison et équipement",1,"Maison et équipement auto"
"487","TIKAMOON.COM","Oui","Maison et équipement",0,"Maison et équipement auto"
"488","TISALIA","Oui","Maison et équipement",0,"Maison et équipement auto"
"489","TOC.FR","Non","Maison et équipement",1,"Maison et équipement auto"
"490","TODD","Oui","Sports et plein air",0,"Loisirs"
"491","TOOTILA","Non","Non",1,"Autres"
"492","TORTUE DE JADE","Oui","Mode et accessoires",0,"Mode et accessoires"
"493","TRIGANO STORE","Non","Maison et équipement",1,"Maison et équipement auto"
"494","TRUFFAUT E-COMMERCE","Oui","Maison et équipement",0,"Maison et équipement auto"
"495","TUBS","Oui","Maison et équipement",0,"Maison et équipement auto"
"496","UBALDI","Oui","Maison et équipement",0,"Maison et équipement auto"
"497","UGAP","Oui","Non",0,"Autres"
"498","UN TEMPS D’AVANCE","Non","Mode et accessoires",1,"Mode et accessoires"
"499","UNDIZ.COM","Non","Mode et accessoires",1,"Mode et accessoires"
"500","UNILABS","Non","Technologie et électronique",1,"Electroménager et multimédia"
"501","USHIP","Oui","Non",0,"Autres"
"502","V33 – LIBERON","Non","Alimentation et boissons",1,"Alimentation"
"503","VANESSA WU","Oui","Maison et équipement",0,"Maison et équipement auto"
"504","VEGA","Oui","Sports et plein air",0,"Loisirs"
"505","VENTE UNIQUE","Oui","Maison et équipement",0,"Maison et équipement auto"
"506","VICTORINOX","Non","Sports et plein air",1,"Loisirs"
"507","VILMORIN","Oui","Santé et bien-être",0,"Bien-être et beauté"
"508","VITAZITA","Oui","Éducation et formation",0,"Autres"
"509","VOS COURS","Oui","Voyages et tourisme",0,"Voyages et tourisme"
"510","VOYAGES AUCHAN","Non","Voyages et tourisme",1,"Voyages et tourisme"
"511","VPN VISION","Oui","Maison et équipement",0,"Maison et équipement auto"
"512","VRAIMENTBEAU.COM","Oui","Alimentation et boissons",0,"Alimentation"
"513","WAAOH!","Non","Maison et équipement",1,"Maison et équipement auto"
"514","WATER CONCEPT","Non","Sports et plein air",1,"Loisirs"
"515","WE LOVE CYCLING","Oui","Maison et équipement",0,"Maison et équipement auto"
"516","WESTWING","Non","Technologie et électronique",1,"Electroménager et multimédia"
"517","WIKO MOBILE","Oui","Maison et équipement",0,"Maison et équipement auto"
"518","WILLEMSE FRANCE","Non","Jeux et divertissement",1,"Loisirs"
"519","WINAMAX","Oui","Cadeaux et événements",0,"Cadeaux et accessoires"
"520","WONDERBOX","Non","Sports et plein air",1,"Loisirs"
"521","XLMOTO","Non","Automobile et véhicules",1,"Auto et moto"
"522","YAMATO EUROPE SAS","Oui","Beauté et cosmétiques",0,"Bien-être et beauté"
"523","YOUNIQUE","Oui","Beauté et cosmétiques",0,"Bien-être et beauté"
"524","YVES ROCHER","Oui","Mode et accessoires",0,"Mode et accessoires"
"525","ZARA","Oui","Animaux et animaux de compagnie",0,"Animalerie"
"526","ZOOLUS","Non","Maison et équipement",1,"Maison et équipement auto"
"527","ZWILLING","Non","Jeux et divertissement",1,"Loisirs"
"528","WITT","Oui","Musique et divertissement",0,"Loisirs"
"529","WOODBRASS","Non","Musique et divertissement",1,"Loisirs"
"530","GT-GARDEN.COM","Oui","Automobile et véhicules",0,"Auto et moto"
"531","YVES ROCHER","Oui","Beauté et cosmétiques",0,"Bien-être et beauté"
"532","ZALANDO","Oui","Mode et accessoires",0,"Mode et accessoires"
"533","ZIPPO","Non","Mode et accessoires",1,"Mode et accessoires"
